"","vars","n","mean","sd","median","trimmed","mad","min","max","range","skew","kurtosis","se"
"smoke",1,5000,0.1578,0.364589831384571,0,0.07225,0,0,1,1,1.87680253560949,1.52269241614545,0.0051560788424738
"female",2,5000,0.5548,0.497037593421116,1,0.5685,0,0,1,1,-0.220462358281136,-1.9517865859063,0.00702917305625427
"age",3,5000,43.9384,15.1018084467945,44,43.903,19.2738,18,70,52,0.014769154091319,-1.21601870167573,0.213571823218173
"cardiac",4,5000,0.05,0.217966744941471,0,0,0,0,1,1,4.12824442665152,15.045411248421,0.00308251526842545
"cost",5,5000,9165.7342,420.803179899585,9143,9149.78325,409.1976,7878,10790,2912,0.391999718338928,0.212361944157662,5.95105564103719
